{
  "hash": "6f01c00d",
  "configHash": "2c7437c8",
  "lockfileHash": "93a51efe",
  "browserHash": "149457ad",
  "optimized": {
    "@angular/common": {
      "src": "../../../../../node_modules/@angular/common/fesm2022/common.mjs",
      "file": "@angular_common.js",
      "fileHash": "4c40f3a7",
      "needsInterop": false
    },
    "@angular/common/http": {
      "src": "../../../../../node_modules/@angular/common/fesm2022/http.mjs",
      "file": "@angular_common_http.js",
      "fileHash": "ea37492d",
      "needsInterop": false
    },
    "@angular/core": {
      "src": "../../../../../node_modules/@angular/core/fesm2022/core.mjs",
      "file": "@angular_core.js",
      "fileHash": "ccdf70ae",
      "needsInterop": false
    },
    "@angular/forms": {
      "src": "../../../../../node_modules/@angular/forms/fesm2022/forms.mjs",
      "file": "@angular_forms.js",
      "fileHash": "a9e25801",
      "needsInterop": false
    },
    "@angular/material/button": {
      "src": "../../../../../node_modules/@angular/material/fesm2022/button.mjs",
      "file": "@angular_material_button.js",
      "fileHash": "9988307c",
      "needsInterop": false
    },
    "@angular/material/core": {
      "src": "../../../../../node_modules/@angular/material/fesm2022/core.mjs",
      "file": "@angular_material_core.js",
      "fileHash": "ef72350d",
      "needsInterop": false
    },
    "@angular/material/dialog": {
      "src": "../../../../../node_modules/@angular/material/fesm2022/dialog.mjs",
      "file": "@angular_material_dialog.js",
      "fileHash": "8aaf3a18",
      "needsInterop": false
    },
    "@angular/material/form-field": {
      "src": "../../../../../node_modules/@angular/material/fesm2022/form-field.mjs",
      "file": "@angular_material_form-field.js",
      "fileHash": "e73b8e9c",
      "needsInterop": false
    },
    "@angular/material/icon": {
      "src": "../../../../../node_modules/@angular/material/fesm2022/icon.mjs",
      "file": "@angular_material_icon.js",
      "fileHash": "cce13320",
      "needsInterop": false
    },
    "@angular/material/input": {
      "src": "../../../../../node_modules/@angular/material/fesm2022/input.mjs",
      "file": "@angular_material_input.js",
      "fileHash": "ae3bfb26",
      "needsInterop": false
    },
    "@angular/material/list": {
      "src": "../../../../../node_modules/@angular/material/fesm2022/list.mjs",
      "file": "@angular_material_list.js",
      "fileHash": "c73838b1",
      "needsInterop": false
    },
    "@angular/material/paginator": {
      "src": "../../../../../node_modules/@angular/material/fesm2022/paginator.mjs",
      "file": "@angular_material_paginator.js",
      "fileHash": "5e3a8ba6",
      "needsInterop": false
    },
    "@angular/material/sidenav": {
      "src": "../../../../../node_modules/@angular/material/fesm2022/sidenav.mjs",
      "file": "@angular_material_sidenav.js",
      "fileHash": "f5fdc036",
      "needsInterop": false
    },
    "@angular/material/snack-bar": {
      "src": "../../../../../node_modules/@angular/material/fesm2022/snack-bar.mjs",
      "file": "@angular_material_snack-bar.js",
      "fileHash": "2d7314d0",
      "needsInterop": false
    },
    "@angular/material/table": {
      "src": "../../../../../node_modules/@angular/material/fesm2022/table.mjs",
      "file": "@angular_material_table.js",
      "fileHash": "fee3a6ed",
      "needsInterop": false
    },
    "@angular/material/tabs": {
      "src": "../../../../../node_modules/@angular/material/fesm2022/tabs.mjs",
      "file": "@angular_material_tabs.js",
      "fileHash": "665f55a1",
      "needsInterop": false
    },
    "@angular/platform-browser": {
      "src": "../../../../../node_modules/@angular/platform-browser/fesm2022/platform-browser.mjs",
      "file": "@angular_platform-browser.js",
      "fileHash": "2bc52f6a",
      "needsInterop": false
    },
    "@angular/platform-browser/animations/async": {
      "src": "../../../../../node_modules/@angular/platform-browser/fesm2022/animations/async.mjs",
      "file": "@angular_platform-browser_animations_async.js",
      "fileHash": "0e13123c",
      "needsInterop": false
    },
    "@angular/router": {
      "src": "../../../../../node_modules/@angular/router/fesm2022/router.mjs",
      "file": "@angular_router.js",
      "fileHash": "d8698c92",
      "needsInterop": false
    },
    "ngx-quill": {
      "src": "../../../../../node_modules/ngx-quill/fesm2022/ngx-quill.mjs",
      "file": "ngx-quill.js",
      "fileHash": "efff979a",
      "needsInterop": false
    },
    "rxjs": {
      "src": "../../../../../node_modules/rxjs/dist/esm5/index.js",
      "file": "rxjs.js",
      "fileHash": "b94f7694",
      "needsInterop": false
    }
  },
  "chunks": {
    "browser-EIFKSNSK": {
      "file": "browser-EIFKSNSK.js"
    },
    "quill-63TYUGNN": {
      "file": "quill-63TYUGNN.js"
    },
    "chunk-VOAWCL5G": {
      "file": "chunk-VOAWCL5G.js"
    },
    "chunk-UIDROEBZ": {
      "file": "chunk-UIDROEBZ.js"
    },
    "chunk-CQ6QB72S": {
      "file": "chunk-CQ6QB72S.js"
    },
    "chunk-XWTXL27R": {
      "file": "chunk-XWTXL27R.js"
    },
    "chunk-YNOAR74Y": {
      "file": "chunk-YNOAR74Y.js"
    },
    "chunk-TL73HT2T": {
      "file": "chunk-TL73HT2T.js"
    },
    "chunk-KFIBQAHP": {
      "file": "chunk-KFIBQAHP.js"
    },
    "chunk-7W5NXLBK": {
      "file": "chunk-7W5NXLBK.js"
    },
    "chunk-RAYFY42G": {
      "file": "chunk-RAYFY42G.js"
    },
    "chunk-DULEMUUF": {
      "file": "chunk-DULEMUUF.js"
    },
    "chunk-YCYAF7QE": {
      "file": "chunk-YCYAF7QE.js"
    },
    "chunk-ATSYYZ7T": {
      "file": "chunk-ATSYYZ7T.js"
    },
    "chunk-JNCUVAN2": {
      "file": "chunk-JNCUVAN2.js"
    },
    "chunk-CO2UG7VT": {
      "file": "chunk-CO2UG7VT.js"
    },
    "chunk-CPNXOV62": {
      "file": "chunk-CPNXOV62.js"
    }
  }
}